variante;condominios;nome;primeiro_nome;tipo;whatsapp;qtd_unidades;unidades;outros_nomes;email;obs
B;Amare Home Resort;Adriano da Cunha de Aguiar;Adriano;PF;5551999983800;1;Amare Home Resort D01;;adrianocunha@paulogarcia.net;
A;Amare Home Resort;Adriano Hoffmann;Adriano;PF;5551997988028;1;Amare Home Resort A42;;adrihoff@gmail.com;
D;Amare Home Resort;Adriano Salton;Adriano;PF;5551981063500;1;Amare Home Resort P12;;adrianosalton.eng@gmail.com;
C;Amare Home Resort;Alberto Muller da Silva;Alberto;PF;5551981107423;1;Amare Home Resort N2;;albertomuller1405@gmail.com;
C;Amare Home Resort;Alexandre Irigoyen de Oliveira;Alexandre;PF;5551997391404;1;Amare Home Resort U03;;alexandre@dro.adv.br;
B;Amare Home Resort;Alexandre Picolli;Alexandre;PF;5551981791046;1;Amare Home Resort Q8;;picollialexandre@gmail.com;
C;Amare Home Resort;Alexandre Terra Fontes;Alexandre;PF;5551996629494;1;Amare Home Resort N4;;alexandrefontes@gmail.com;
A;Amare Home Resort;Alge Empreendimentos Ltda;;PJ;5554984032321;2;Amare Home Resort I2, Amare Home Resort N8;;jaqueline@menegasso.com;
C;Amare Home Resort;Alvaro Nascimento;Alvaro;PF;5551999261939;1;Amare Home Resort F07;;alvaronascimentors@gmail.com;
A;Amare Home Resort;Ana Paula Luz Brito;Ana;PF;5551981846761;1;Amare Home Resort E31;;anapaula.luz@pca.com.br;
D;Amare Home Resort;Andre Luis Muller da Silva;Andre;PF;5551999093180;1;Amare Home Resort A34;;almdeco@hotmail.com;
A;Amare Home Resort;Andre Luiz Meirelles de Meirelles;Andre;PF;5554999010954;1;Amare Home Resort D04;;andremm1960@gmail.com;
B;Amare Home Resort;Andre Severo Machado;Andre;PF;5551999385826;1;Amare Home Resort N1;;andreseveromachado@gmail.com;
C;Amare Home Resort;Atlantida Class Construcoes e Inc. Ltda;;PJ;5551991317895;1;Amare Home Resort P8;;luaortiz@hotmail.com.br;
C;Amare Home Resort;Bah Empreendimentos Imobiliarios Ltda;;PJ;5551981611000;2;Amare Home Resort U05, Amare Home Resort U11;;rgpiccolo@sinos.net;
C;Amare Home Resort;Bernardo Henrique Thomaz;Bernardo;PF;5551993458848;1;Amare Home Resort J2;;diretoria@bellagula.com.br;sem DDD (assumido 51)
A;Amare Home Resort;Brener Adriel Cardoso Mesko;Brener;PF;5551999286837;1;Amare Home Resort E04;;bcmesko@hotmail.com;
A;Amare Home Resort;Carlos Alberto dos Santos;Carlos;PF;5551993565402;1;Amare Home Resort A19;;carlos@todeschiniatlantida.com.br;
B;Amare Home Resort;Carlos Roberto Ricci;Carlos;PF;5551999883513;1;Amare Home Resort E16;;beto.ricci0311@gmail.com;
A;Amare Home Resort;Cassiano Rudolph Brock;Cassiano;PF;5551997345577;1;Amare Home Resort E14;;eng.cassianobrock@gmail.com;sem DDD (assumido 51)
D;Amare Home Resort;Cassiano Salton Coradin;Cassiano;PF;5554999226670;2;Amare Home Resort R12, Amare Home Resort U13;;cscoradin@gmail.com;
A;Amare Home Resort;Charles Paulo Diehl;Charles;PF;5551993383999;2;Amare Home Resort A35, Amare Home Resort N10;;charlespaulo.diehl@hotmail.com;
C;Amare Home Resort;Clovis Fernando Vasques Amaro;Clovis;PF;5551991648667;2;Amare Home Resort A28, Amare Home Resort A29;;amaroc@terra.com.br;celular antigo (9 adicionado)
B;Amare Home Resort;Construcoes Ferreirinhos Ltda;;PJ;5551998245140;1;Amare Home Resort R7;;const.ferreirinhos@yahoo.com.br;
A;Amare Home Resort;Construtora e Incorporadora de Imoveis;;PJ;5554999721993;1;Amare Home Resort T12;;tadeu@fochesatto.com.br;
D;Amare Home Resort;Cristiano Bervian;Cristiano;PF;5551993133771;1;Amare Home Resort E11;;crisbervian@hotmail.com;celular antigo (9 adicionado)
D;Amare Home Resort;Cristina Andrighetti;Cristina;PF;5554991759700;1;Amare Home Resort P3;;candrigh@hotmail.com;
D;Amare Home Resort;Cristinne de Fatima Rojas Barros;Cristinne;PF;5551999963269;1;Amare Home Resort A16;;cristinnefbr@outlook.com;"celular antigo (9 adicionado); sem DDD (assumido 51)"
C;Amare Home Resort;Deivid Altmayer Machado;Deivid;PF;5551998668402;1;Amare Home Resort T11;;deividmachado@algoamais.com.br;
C;Amare Home Resort;Deividi dos Santos Fernandes;Deividi;PF;5551985331646;1;Amare Home Resort A01;;deividi@litoralclass.net;
A;Amare Home Resort;Denis de Oliveira Schardong;Denis;PF;5551999847374;1;Amare Home Resort S12;;atendimento@dsconstrucoes.com.br;
C;Amare Home Resort;Diogo Gregoletto;Diogo;PF;5554984061515;1;Amare Home Resort E03;;diogogregoletto@hotmail.com;
B;Amare Home Resort;Dirceu Andre Sebben;Dirceu;PF;5551991395262;2;Amare Home Resort E36, Amare Home Resort S13;;andresebben@yahoo.com.br;
C;Amare Home Resort;Djg Empreendimentos Imobiliarios Ltda;;PJ;5554991185032;1;Amare Home Resort Q4;;fabigeremia@hotmail.com;
A;Amare Home Resort;Dmg Negocios Imobiliarios;;PJ;5554999722918;1;Amare Home Resort T13;;silvane@fiducia.com.br;
A;Amare Home Resort;Doutor das Aguas;;PJ;5551992279298;1;Amare Home Resort M13;;doutordasaguas@hotmail.com;
D;Amare Home Resort;Ede Silva Moreira;Ede;PF;5551999935679;1;Amare Home Resort A18;;edemoreira@mbaadvocacia.com.br;sem DDD (assumido 51)
B;Amare Home Resort;Edilson Luiz Steffani;Edilson;PF;5551993996678;1;Amare Home Resort E39;;edilsonsteffani@gmail.com;
C;Amare Home Resort;Eleonora Abbud Spinelli;Eleonora;PF;5551999865699;1;Amare Home Resort I5;;eleonoraaspinelli55@gmail.com;
C;Amare Home Resort;Elieser Chaves Germann;Elieser;PF;5551999832742;1;Amare Home Resort S3;;eliesergermann@algoamais.com.br;
B;Amare Home Resort;Enzo Nicaretta Junior;Enzo;PF;5554981257772;2;Amare Home Resort G10, Amare Home Resort G11;;enzojunior@rodoenlu.com.br;
D;Amare Home Resort;Everton de Boni Santos;Everton;PF;5554991446399;1;Amare Home Resort P4;;evbsantos@gmail.com;
C;Amare Home Resort;Fabiano Mollar;Fabiano;PF;5551999863792;2;Amare Home Resort E35, Amare Home Resort Q10;;nostromolinoxangrila@gmail.com;celular antigo (9 adicionado)
A;Amare Home Resort;Fabricio Ruzzarin;Fabricio;PF;5554999656464;1;Amare Home Resort P5;;lilizot@gmail.com;
A;Amare Home Resort;Felipe Arthur Flesch;Felipe;PF;5551980322604;1;Amare Home Resort B03;;felipe_flesch@sicredi.com.br;
D;Amare Home Resort;Felipe Motti Schirmer;Felipe;PF;5551998898877;1;Amare Home Resort M6;;felipemottischirmer@gmail.com;
C;Amare Home Resort;Fernanda Cristhina Lolatto;Fernanda;PF;5551998592233;1;Amare Home Resort E28;;fernanda.lolatto@gmail.com;
B;Amare Home Resort;Fernando Andre Berlitz;Fernando;PF;5551981224804;2;Amare Home Resort S5, Amare Home Resort S6;;fernando@stella.com.br;
D;Amare Home Resort;Fernando Izidoro Farinon;Fernando;PF;5551999910664;4;Amare Home Resort E22, Amare Home Resort E23, Amare Home Resort H03, Amare Home Resort T6;;fernando.farinon@terra.com.br;
B;Amare Home Resort;Ferreira Administracao e Particip Ltda;;PJ;5551981861400;2;Amare Home Resort A24, Amare Home Resort H4;;claurio@dipamgaucha.com.br;
A;Amare Home Resort;Filipe Carlos Gatti;Filipe;PF;5551998122558;1;Amare Home Resort M9;;fcgatti@gatti.com.br;sem DDD (assumido 51)
D;Amare Home Resort;Filipe Ruga Ardenghi;Filipe;PF;5551991167393;1;Amare Home Resort F02;;filiperuga@gmail.com;
B;Amare Home Resort;Fk Participações Lta - Epp;;PJ;5551998566974;1;Amare Home Resort E17;;posto2005@hotmail.com;
B;Amare Home Resort;Flavia Brito Stuart;Flavia;PF;5551985750209;1;Amare Home Resort F04;;arquitetaflaviastuart@gmail.com;
C;Amare Home Resort;Fortress Participacoes Societarias Ltda;;PJ;5551997082773;1;Amare Home Resort Q7;;atendimento@paraflu.ind.br;
C;Amare Home Resort;Fuhr Participacoes Societarias Ltda;;PJ;5551999834981;1;Amare Home Resort A14;;edubrasmold@gmail.com;
D;Amare Home Resort;Gabriel Matos Pereira;Gabriel;PF;5551997383898;1;Amare Home Resort M4;;gabrielmatos@gmail.com;sem DDD (assumido 51)
D;Amare Home Resort;Geomar Hiller;Geomar;PF;5551999454746;1;Amare Home Resort Q6;;ghiller@terra.com.br;
C;Amare Home Resort;Gerhard Afonso Poersch Ledur;Gerhard;PF;5551999581126;1;Amare Home Resort P6;;gerhard@superledur.com.br;
C;Amare Home Resort;Gilmar Emilio Achterberg;Gilmar;PF;5555999990150;2;Amare Home Resort E12, Amare Home Resort E13;;gilmar@achterberg.com.br;
C;Amare Home Resort;Guilherme Caprara;Guilherme;PF;5551981140262;1;Amare Home Resort P2;;guilherme.caprara@gmail.com;
D;Amare Home Resort;Guth Veiculos Ltda Epp;;PJ;5551996089673;2;Amare Home Resort R10, Amare Home Resort R11;;guthmarcio27@gmail.com;
B;Amare Home Resort;Hector Carlos Frigerio Mora;Hector;PF;5551984421296;1;Amare Home Resort A15;;hfrige@gmail.com;
D;Amare Home Resort;Henrique Oltramari;Henrique;PF;5554999748854;1;Amare Home Resort E30;;henrique@oltramariadvogados.com.br;
B;Amare Home Resort;Inderesso Operacoes Imobiliarias Ltda;;PJ;5551996203705;1;Amare Home Resort E05;;me.igorsilva@gmail.com;
D;Amare Home Resort;Irl29 Holding Ltda;;PJ;5551999503935;1;Amare Home Resort M12;;israel@iplogistica.com.br;
C;Amare Home Resort;Ivo Ernesto Beck Correa Meyer;Ivo;PF;5551999190832;1;Amare Home Resort A23;;ivo_meyer@yahoo.com.br;
B;Amare Home Resort;Jdr Comercial Aliment e de Vest Eireli;;PJ;5551992244412;1;Amare Home Resort T4;;banca10compras@gmail.com;
D;Amare Home Resort;Jeronimo Pizzolotto Goergen;Jeronimo;PF;5551999721006;1;Amare Home Resort A06;;goergenjeronimo@gmail.com;sem DDD (assumido 51)
D;Amare Home Resort;Jjpmarangoni - Invest. e Part. Ltda;;PJ;5551992832002;2;Amare Home Resort Q1, Amare Home Resort Q2;;cleber@dentalshop.com.br;
C;Amare Home Resort;Joao Fernandes Moraes;Joao;PF;5551997648666;1;Amare Home Resort E07;;joaofmoraes@gmail.com;
D;Amare Home Resort;Joao Pedro Moscoso Petek;Joao;PF;5551989020505;1;Amare Home Resort A17;;jppetek@hotmail.com;
D;Amare Home Resort;Joao Vicente de Souza Filgueiras;Joao;PF;5551996591934;1;Amare Home Resort H8;;joaofilg@hotmail.com;
B;Amare Home Resort;Jose Carlos de Gasperi;Jose;PF;5511983419877;1;Amare Home Resort O3;;josecarlos@fip.com.br;
B;Amare Home Resort;Jose Ignacio Blanco;Jose;PF;5551981423480;1;Amare Home Resort E26;;blanco.jig@gmail.com;sem DDD (assumido 51)
B;Amare Home Resort;Jose Luiz Pedrini;Jose;PF;5551992597459;1;Amare Home Resort G08;;jose.pedrini@hotmail.com;sem DDD (assumido 51)
C;Amare Home Resort;Jovana Mandelli;Jovana;PF;5554997053313;1;Amare Home Resort A21;;jovana.mandelli@gmail.com;
A;Amare Home Resort;Jpanizzon Participacoes Ltda;;PJ;5554991250323;1;Amare Home Resort H9;;johnypani@gmail.com;
B;Amare Home Resort;Juliano Marchese;Juliano;PF;5551994091111;1;Amare Home Resort A40;;juliano@brincalhao.com.br;
C;Amare Home Resort;Juliano Salton;Juliano;PF;5551981231331;1;Amare Home Resort G25;;conceito@conceitoeng.com;
A;Amare Home Resort;Jvd Participacoes Societarias Ltda;;PJ;5551997336691;1;Amare Home Resort N18;;cesar@cesarbaumgratz.com.br;
A;Amare Home Resort;Leilane Santos Ribeiro Burkhard;Leilane;PF;5551989021818;2;Amare Home Resort K1, Amare Home Resort L1;;lerburkhard89@gmail.com;
B;Amare Home Resort;Leonardo Gouveia;Leonardo;PF;5551981257558;1;Amare Home Resort A41;;gouveia_leo@hotmail.com;
D;Amare Home Resort;Lfl Participacoes Ltda;;PJ;5554999770402;2;Amare Home Resort S10, Amare Home Resort S9;;vanessa@italiaestofados.com.br;
B;Amare Home Resort;Lidiane Guth;Lidiane;PF;5551996084678;1;Amare Home Resort N12;;lidianeguth10@gmail.com;
A;Amare Home Resort;Lotus 9 Part. e Investimentos Ltd;;PJ;5551992686396;1;Amare Home Resort M15;;renataw;
C;Amare Home Resort;Lucas Hoffans Cardoso;Lucas;PF;5551991125877;1;Amare Home Resort E25;;xtremedh@gmail.com;
D;Amare Home Resort;Lucas Vargas Santa Maria;Lucas;PF;5551984404040;1;Amare Home Resort A36;;lucas.vsm1984@gmail.com;
A;Amare Home Resort;Luciano Munari Ribeiro;Luciano;PF;5551991843934;1;Amare Home Resort E19;;sosmultascapao@hotmail.com;
B;Amare Home Resort;Luis Artur Zenni Lopes;Luis;PF;5551992983736;1;Amare Home Resort U07;;arturzl@terra.com.br;sem DDD (assumido 51)
A;Amare Home Resort;Luis Haroldo Iepsen;Luis;PF;5551984039933;1;Amare Home Resort N9;;angela@simplescreditoimobiliario.com.br;celular antigo (9 adicionado)
A;Amare Home Resort;Luiz Augusto Abbade Costa;Luiz;PF;5551999653150;1;Amare Home Resort C02;;abbbade@hotmail.com;
C;Amare Home Resort;Luiz Henrique Leite Portella;Luiz;PF;5551981246204;1;Amare Home Resort E24;;henrique.portella@imaps.com.br;sem DDD (assumido 51)
B;Amare Home Resort;M7f Construcao e Incorporacao Ltda;;PJ;5551998071886;2;Amare Home Resort M7, Amare Home Resort N15;;agnelo@dfg.adv.br;
D;Amare Home Resort;Maiquel Gabriel Gewehr;Maiquel;PF;5551993804392;1;Amare Home Resort G15;;maiquel@viamarte.com.br;
A;Amare Home Resort;Mais Imoveis Litoral Eireli;;PJ;5551998850000;2;Amare Home Resort E15, Amare Home Resort E21;;atendimento@maisimoveis.net;
C;Amare Home Resort;Marcela Nobre Caramez;Marcela;PF;5551998912009;2;Amare Home Resort A32, Amare Home Resort A33;Mrp Incorporacao de Imoveis S/s Ltda;basei95@hotmail.com;
B;Amare Home Resort;Marcelo Barden;Marcelo;PF;5551981829401;1;Amare Home Resort I4;;bardenmarcelo@gmail.com;
D;Amare Home Resort;Marcelo Campana Lubisco;Marcelo;PF;5551993555886;1;Amare Home Resort E08;;marceloclubisco@gmail.com;
C;Amare Home Resort;Marcelo de Gasperi;Marcelo;PF;5554991762970;1;Amare Home Resort R15;;clinicadegasperi@gmail.com;
B;Amare Home Resort;Marcelo Fagundes Fischer;Marcelo;PF;5551999744371;1;Amare Home Resort B01;;marcelo_fischer@hotmail.com;
C;Amare Home Resort;Marcelo Guedes Pedrini;Marcelo;PF;5551999538686;1;Amare Home Resort G09;;marcelopedrini@hotmail.com;
C;Amare Home Resort;Marcia da Conceiçao;Marcia;PF;5551999868558;1;Amare Home Resort E27;;marciadaconceicaoadm@gmail.com;celular antigo (9 adicionado)
B;Amare Home Resort;Marcia Regina Lima da Silva Rokembach;Marcia;PF;5551999581071;3;Amare Home Resort M10, Amare Home Resort T10, Amare Home Resort T9;;marciaroke@gmail.com;
B;Amare Home Resort;Marcio Coelho Rodrigues;Marcio;PF;5551998815413;3;Amare Home Resort A12, Amare Home Resort A13, Amare Home Resort G13;;moveispoletto@hotmail.com;
A;Amare Home Resort;Marcio Jose Guth;Marcio;PF;5551996084673;2;Amare Home Resort N5, Amare Home Resort N6;;guthmarcio27@gmail.com;
B;Amare Home Resort;Marcos Bauermann Sousa;Marcos;PF;5551999196612;1;Amare Home Resort U12;;julianarosendo@hotmail.com;"celular antigo (9 adicionado); sem DDD (assumido 51)"
B;Amare Home Resort;Marcos Luis Allgayer;Marcos;PF;5551981264585;1;Amare Home Resort K3;;marcos@viratec.com.br;celular antigo (9 adicionado)
D;Amare Home Resort;Mariangela Severiano Rosa;Mariangela;PF;5551981158301;1;Amare Home Resort P7;;mari.maisvanity@gmail.com;
D;Amare Home Resort;Mario Petek;Mario;PF;5551982250065;2;Amare Home Resort E38, Amare Home Resort L4;;comercial@plindigital.com;
A;Amare Home Resort;Marion Erna Baur;Marion;PF;5551992819850;1;Amare Home Resort E09;;corinab@terra.com.br;sem DDD (assumido 51)
A;Amare Home Resort;Marlano Silva Goulart;Marlano;PF;5551999699373;1;Amare Home Resort J6;;marlano.goulart@franceschinioliveira.com;
D;Amare Home Resort;Marlene Machado Martins;Marlene;PF;5551981256096;1;Amare Home Resort A25;;milanemm@hotmail.com;
A;Amare Home Resort;Marli Schwambach de Veiga;Marli;PF;5551999593265;1;Amare Home Resort A48;;marlisvega@gmail.com;celular antigo (9 adicionado)
A;Amare Home Resort;Mauro Lauro Goldani;Mauro;PF;5551999831010;1;Amare Home Resort G20;;maurogoldani@gmail.com;
B;Amare Home Resort;Mendes Schafirowitz;Mendes;PF;5551999656073;1;Amare Home Resort E06;;mendes.schafirow;
B;Amare Home Resort;Michel Schott;Michel;PF;5551999913419;1;Amare Home Resort G22;;michel@centralsulquimica.com.br;
A;Amare Home Resort;Michele Susana Haubert;Michele;PF;5551995099968;1;Amare Home Resort D05;;conceito@conceitoeng.com;
A;Amare Home Resort;Mjw Administracao e Participacoes Eireli;;PJ;5551991559202;1;Amare Home Resort E18;;w;
D;Amare Home Resort;Monica Cella;Monica;PF;5551995584546;1;Amare Home Resort M8;;ghiller@terra.com.br;
B;Amare Home Resort;Nadia Turra Vieira;Nadia;PF;5551923488780;1;Amare Home Resort O1;;nadia@zattadvogados.com.br;sem DDD (assumido 51)
D;Amare Home Resort;Natalia Fantoni;Natalia;PF;5551996461727;1;Amare Home Resort K4;;natalia-fantoni@pge.rs.gov.br;
D;Amare Home Resort;Nelson Ricardo Dallegrave;Nelson;PF;5551999510570;1;Amare Home Resort M14;;ricardo@dallegravers.com.br;sem DDD (assumido 51)
A;Amare Home Resort;Nelson Tadeu Romanelli Soares;Nelson;PF;5551993795335;1;Amare Home Resort N17;;nelson.soares717@gmail.com;
C;Amare Home Resort;Nilson Carlos Zortea;Nilson;PF;5554981238649;3;Amare Home Resort A44, Amare Home Resort G16, Amare Home Resort M3;;zortea@zorteajoias.com.br;
A;Amare Home Resort;Noemia de Lima;Noemia;PF;5554999729661;1;Amare Home Resort E10;;villaincorporadora@hotmail.com;
A;Amare Home Resort;Otavio Augusto Dal Molin Domit;Otavio;PF;5551991543124;1;Amare Home Resort N16;;otavio.domit@soutocorrea.com.br;
C;Amare Home Resort;Pama Participacoes Societarias Ltda;;PJ;5551981336485;1;Amare Home Resort G17;;anderson80.andreis@gmail.com;
C;Amare Home Resort;Paulo Ricardo Baiocco;Paulo;PF;5551991272505;1;Amare Home Resort G12;;claudia.barckert06@gmail.com;
D;Amare Home Resort;Pedro Klering Eirieli;Pedro;PF;5551998370724;2;Amare Home Resort G19, Amare Home Resort M5;;pneusbomprincipio@yahoo.com;
D;Amare Home Resort;Rafael Azevedo Gomes;Rafael;PF;5551981115114;1;Amare Home Resort A27;;azevedogomes@hotmail.com;
B;Amare Home Resort;Rafael Kisner Starosta;Rafael;PF;5551996744012;1;Amare Home Resort A26;;rafael@cfl.com.br;sem DDD (assumido 51)
A;Amare Home Resort;Raul Astor Panzer;Raul;PF;5551999954040;1;Amare Home Resort E20;;rapanzer@hotmail.com.br;sem DDD (assumido 51)
C;Amare Home Resort;Renan Henning;Renan;PF;5599974220038;1;Amare Home Resort A43;;renan.henning@prhempreendimentos.com;celular antigo (9 adicionado)
D;Amare Home Resort;Rhino Participacoes e Investimentos Ltda;;PJ;5554991144590;1;Amare Home Resort Q3;;vander@w;
B;Amare Home Resort;Ricardo Maitelli Bello;Ricardo;PF;5551995333272;1;Amare Home Resort G14;;ricardo15000@hotmail.com;
B;Amare Home Resort;Roberta Rosemberg Wainstein;Roberta;PF;5551999191008;1;Amare Home Resort A22;;ro.rosemberg@terra.com.br;celular antigo (9 adicionado)
A;Amare Home Resort;Roberto Zeller Branchi;Roberto;PF;5551991227272;1;Amare Home Resort E29;;robertobranchi@gmail.com;sem DDD (assumido 51)
D;Amare Home Resort;Rodrigo Andreas Lemke;Rodrigo;PF;5551981720099;1;Amare Home Resort U08;;rodrigo@w;
A;Amare Home Resort;Rodrigo Garaffa;Rodrigo;PF;5554999943217;1;Amare Home Resort E41;;garaffarejane@gmail.com;
A;Amare Home Resort;Rodrigo Junges;Rodrigo;PF;5551981223496;1;Amare Home Resort Q13;;rodrigojunges@terra.com.br;
C;Amare Home Resort;Samtho Participacoes Ltda;;PJ;5551998866721;1;Amare Home Resort J5;;jader@redegasgas.com.br;
B;Amare Home Resort;Sergio Luiz Puper da Cunha;Sergio;PF;5551999810589;1;Amare Home Resort R8;;advpurper@gmail.com;sem DDD (assumido 51)
C;Amare Home Resort;Sidinei Aduatti & Cia Ltda;;PJ;5551991429099;1;Amare Home Resort A39;;jairconstrutora@gmail.com;
D;Amare Home Resort;Silvio Luciano Santos;Silvio;PF;5551985851999;1;Amare Home Resort P1;;eusouss@gmail.com;
A;Amare Home Resort;Sn Lima Participacoes de Imoveis Ltda;;PJ;5551999763714;2;Amare Home Resort J3, Amare Home Resort J4;;neuzatcl@hotmail.com;celular antigo (9 adicionado)
B;Amare Home Resort;Tersus Incorporacoes Ltda;;PJ;5551985520656;1;Amare Home Resort T3;;charaocarolina@gmail.com;
C;Amare Home Resort;Tiago Rathke de Moraes;Tiago;PF;5551998085530;1;Amare Home Resort I9;;tiago.moraes@hotmail.com;
C;Amare Home Resort;Vicente de Paulo Silva de Assis;Vicente;PF;5561998016969;2;Amare Home Resort F05, Amare Home Resort G21;;vsdeassis@gmail.com;
A;Amare Home Resort;Viviane Braga;Viviane;PF;5551981250100;1;Amare Home Resort E33;;vividimitri@hotmail.com;
D;Amare Home Resort;Volnei Apolinario da Silva;Volnei;PF;5551995992020;1;Amare Home Resort A20;;;sem DDD (assumido 51)
C;Amare Home Resort;Willian Kranz;Willian;PF;5551999845032;1;Amare Home Resort D03;;financeiro@superkarine.com.br;
D;Amare Home Resort + Lótus Atlântida;Adilson Oliveira da Silva;Adilson;PF;5551998152728;4;Amare Home Resort N11, Amare Home Resort S7, Amare Home Resort S8, Lótus Atlântida 02 L;;alfa@alfadobrasil.com.br;
A;Amare Home Resort + Lótus Atlântida;Cirlei Correa da Silva;Cirlei;PF;5551999877273;3;Amare Home Resort H7, Lótus Atlântida 04 E, Lótus Atlântida 04 P;Mauro Gilberto Bellini;cirleicorreas@gmail.com;sem DDD (assumido 51)
B;Amare Home Resort + Lótus Atlântida;Glades Thomasi;Glades;PF;5551981863909;2;Amare Home Resort U06, Lótus Atlântida 02 O;;gladesthomasi@gmail.com;
A;Amare Home Resort + Lótus Atlântida;Laurence Bica Medeiros;Laurence;PF;5551999739959;2;Amare Home Resort M17, Lótus Atlântida 06 P;;laurence@mscadvogados.com.br;
B;Amare Home Resort + Lótus Atlântida;Marcelo Schmitz;Marcelo;PF;5551984217088;3;Amare Home Resort G23, Amare Home Resort N14, Lótus Atlântida 06 Q;;msch@ufrgs.br;
D;Amare Home Resort + Zen;Feuser & Chapuis Imob. Ltda;;PJ;5551999678280;2;Amare Home Resort S14, Zen Q07 L16;Feuser e Chapuis Imob. LTDA;edgar.chapuis@terra.com.br;
A;Amare Home Resort + Zen;James dos Santos Vieira;James;PF;5551999099125;2;Amare Home Resort A10, Zen Q10 L16;;daianasilveira99@gmail.com;
D;Amare Home Resort + Zen;Marcelo Romanelli Soares;Marcelo;PF;5551999335276;2;Amare Home Resort T7, Zen Q16 L19;;msromanelli@terra.com.br;"celular antigo (9 adicionado); sem DDD (assumido 51)"
D;Amare Home Resort + Zen;Murilo dos Santos Raupp;Murilo;PF;5551980229674;3;Amare Home Resort E32, Amare Home Resort Q12, Zen Q15 L06;;murilo_raupp@hotmail.com;
B;Amare Home Resort + Zen;Otavio Lessa;Otavio;PF;5551999635611;4;Amare Home Resort N7, Amare Home Resort R2, Amare Home Resort R3, Zen Q03 L15;Marcos Valerio Silveira Lessa;otaviolesssa@gmail.com;
C;Amare Home Resort + Zen;Romeo Balzan;Romeo;PF;5551993235220;2;Amare Home Resort S4, Zen Q07 L01;;romeobalzan@hotmail.com;sem DDD (assumido 51)
D;Amare Home Resort + Zen;Thiago de Souza Maciel;Thiago;PF;5551995294899;2;Amare Home Resort Q5, Zen Q13 L14;;thiagosmaciel@outlook.com;
B;Amare Home Resort + Zen + Lótus Atlântida;Gauben Peruzzo;Gauben;PF;5554991940025;4;Amare Home Resort R4, Amare Home Resort R5, Zen Q09 L04, Lótus Atlântida 03 S;Marli de Carli Peruzzo;gauben@mercoaves.com.br;
C;Los Cobos;Aisa Margarida Peruzzo;Aisa;PF;5551981750829;1;Los Cobos 05 Q03;;gertrudes.mendo@vipal.com.br;
D;Los Cobos;Alexandre Jose Heineck;Alexandre;PF;5551981422971;2;Los Cobos 03 Q05, Los Cobos 04 Q05;;rosangela.heineck@nimec.com.br;
C;Los Cobos;Andreia Maria Martins Winter;Andreia;PF;5551992441717;1;Los Cobos 03 Q08;;andreia@andreiaw;
A;Los Cobos;Anjobc Negocios e Participacoes Ltda;;PJ;5551981810000;1;Los Cobos 07 Q01;;assessoria.presidencia@opusentretenimento;
A;Los Cobos;Atual Participacoes Ltda;;PJ;5551999825333;1;Los Cobos 07 Q05;;cibele@moller.net.br;
D;Los Cobos;Augusto Schnack Weizenmann;Augusto;PF;5551999975027;1;Los Cobos 04 Q08;;katiaw;
B;Los Cobos;Baruffaldi Invest.e Partic.ltda.;;PJ;5551993881663;1;Los Cobos 05 Q12;;norberto@norbertobaruffaldi.com.br;sem DDD (assumido 51)
C;Los Cobos;Bronze Administracao e Participacao;;PJ;5551999821947;1;Los Cobos 06 Q08;;elisa@bronzepar.com.br;
A;Los Cobos;Carolina Scheinpflug Blanco Stein;Carolina;PF;5551982091170;1;Los Cobos 05 Q01;;carolina@n-ideas.net;
D;Los Cobos;Cesar Augusto Moutinho Tomazzoni;Cesar;PF;5551984062452;1;Los Cobos 06 Q01;;;
A;Los Cobos;Construtora Raupp;;PJ;5551981397510;1;Los Cobos 02 Q09;;contato@construtoraraupp.com.br;
B;Los Cobos;Dominarte Incorporacoes Ltda;;PJ;5551999610713;3;Los Cobos 01 Q11, Los Cobos 10 Q01, Los Cobos 11 Q11;;marcio@evvivapoa.com.br;
A;Los Cobos;Doppio Studio Construcao e Decoracao;;PJ;5551993585350;1;Los Cobos 02 Q12;;rschaurich@hotmail.com;
C;Los Cobos;Epoca Certa Adm Part e Const Ltda;;PJ;5551981183674;1;Los Cobos 08 Q02;;betolavit@gmail.com;
D;Los Cobos;Everardo Willig Medeiros Perello;Everardo;PF;5551981261962;1;Los Cobos 03 Q07;;everardo@everardoperello.com;
B;Los Cobos;Fernando Smith Fabris;Fernando;PF;5551992278284;1;Los Cobos 06 Q07;;smithfabris@uol.com.br;celular antigo (9 adicionado)
A;Los Cobos;Flavio Ronald Burin;Flavio;PF;5551999333868;1;Los Cobos 01 Q01;;adm@rodex.com.br;sem DDD (assumido 51)
A;Los Cobos;Futura Participacoes Ltda;;PJ;5551992574519;1;Los Cobos 06 Q05;;beti.rs@terra.com.br;
B;Los Cobos;Gabad Participacoes;;PJ;5554981128503;1;Los Cobos 02 Q11;;janice@prat-k.com.br;
D;Los Cobos;Geraldo Ebling Enck;Geraldo;PF;5551981180850;2;Los Cobos 01 Q10, Los Cobos 10 Q12;;enck.geraldo@gmail.com;
D;Los Cobos;Greice Merlin Boff;Greice;PF;5551999828289;1;Los Cobos 02 Q03;;contato@planoinvestimentos.com.br;celular antigo (9 adicionado)
D;Los Cobos;Gustavo Capovilla da Silva;Gustavo;PF;5551997258461;1;Los Cobos 09 Q01;;capovilla86@yahoo.com.br;
D;Los Cobos;Gustavo Guazzelli Camejo;Gustavo;PF;5551993185962;1;Los Cobos 05 Q02;;financeiro@engefitas.com.br;celular antigo (9 adicionado)
B;Los Cobos;H Carlan Participacoes Ltda;;PJ;5551999815512;1;Los Cobos 04 Q01;;sborella1970@gmail.com;
A;Los Cobos;Heinz Dietrichkeit Junior;Heinz;PF;5551991357825;1;Los Cobos 02 Q07;;heinz@bulltrade.com.br;
B;Los Cobos;Irineu Boff;Irineu;PF;5551984036600;2;Los Cobos 01 Q03, Los Cobos 03 Q03;Marcos Merlin Boff;contato@planoinvestimentos.com.br;
B;Los Cobos;Jjj Empreendimentos Ltda;;PJ;5551999956426;1;Los Cobos 06 Q04;;sergio@sbrussi.com.br;celular antigo (9 adicionado)
C;Los Cobos;L4 Empreendimentos Imobiliarios Ltda;;PJ;5551993282929;1;Los Cobos 03 Q02;;lenzi.cha@gmail.com;
A;Los Cobos;Lc Apoio Administrativo;;PJ;5551993485649;1;Los Cobos 02 Q04;;admchurrascarias@gmail.com;
B;Los Cobos;Lovatto Adm, Partic e Construcao;;PJ;5551980407825;3;Los Cobos 04 Q09, Los Cobos 05 Q04, Los Cobos 09 Q11;;elaine@cplovatto.com.br;
C;Los Cobos;Luis Alberto Buss Wulff Junior;Luis;PF;5551998554121;1;Los Cobos 03 Q09;;luis.w;sem DDD (assumido 51)
A;Los Cobos;Luiz Sasada;Luiz;PF;5551981247236;1;Los Cobos 03 Q11;;luiz.sasada@grapho.com.br;
D;Los Cobos;Marcelo Gus;Marcelo;PF;5551991230091;2;Los Cobos 04 Q07, Los Cobos 05 Q07;;marcelogus17@gmail.com;
D;Los Cobos;Marcelo Luis Wallauer;Marcelo;PF;5551991155412;1;Los Cobos 05 Q08;;marcelo.w;
A;Los Cobos;Marcelo Vicenzi;Marcelo;PF;5551999839056;1;Los Cobos 01 Q05;;marcelovicenzi@gmail.com;
D;Los Cobos;Ms Freitas Planej. Adm e Financeiro Ltda;;PJ;5551999613749;1;Los Cobos 07 Q04;;marcelo.freitas@mundial.com,marcelo.freitas;
B;Los Cobos;Msr Administracao Imobiliaria;;PJ;5551999870137;1;Los Cobos 04 Q12;;cirurgiaplastica@marciorigo.com.br;
C;Los Cobos;Oseias Schroeder;Oseias;PF;5551981491654;2;Los Cobos 07 Q11, Los Cobos 08 Q11;;oseias@pvcdobrasil.com.br;sem DDD (assumido 51)
B;Los Cobos;Pablo Mariotti Werlang;Pablo;PF;5551993118215;1;Los Cobos 07 Q02;;rodrigomw;
C;Los Cobos;Paulo Pereira Lima Filho;Paulo;PF;5551993951028;1;Los Cobos 01 Q12;;paulo.lima@massa.ind.br;
A;Los Cobos;Pg e Dg Imobiliaria e Construtora;;PJ;5551999677286;1;Los Cobos 07 Q12;;crisa@w;
C;Los Cobos;Preserve Consultoria e Participacoes;;PJ;5551999824002;1;Los Cobos 06 Q02;;jpiccoli@terra.com.br;
D;Los Cobos;Properson Empreendimentos Ltda;;PJ;5551996899449;4;Los Cobos 02 Q02, Los Cobos 02 Q10, Los Cobos 05 Q11, Los Cobos 06 Q12;;relacionamento@bolognesi.com.br;
A;Los Cobos;Ricardo Ernesto Correa da Silva;Ricardo;PF;5551993111114;2;Los Cobos 02 Q06, Los Cobos 05 Q09;;iza@hintermetropolitana.com.br;
D;Los Cobos;Sergio Luis Froner;Sergio;PF;5551991551330;1;Los Cobos 10 Q11;;sergio@froneremartins.com.br;
C;Los Cobos;Sfm Construcaoe Locacao de Imoveis;;PJ;5551991170066;1;Los Cobos 08 Q08;;sandro.benoit@benoit.com.br;
C;Los Cobos;Tatyana Frias Paiva Martins;Tatyana;PF;5551993716166;1;Los Cobos 08 Q01;;tatyana@froneremartins.com.br;
B;Los Cobos;Toni Ferrarin;Toni;PF;5551981720001;1;Los Cobos 01 Q06;;ferrarin.dani@gmail.com;
C;Los Cobos;Vasco Antonio da Costa Gama Filho;Vasco;PF;5551999852839;1;Los Cobos 01 Q02;;vcostagama@terra.com.br;
C;Los Cobos;Vilmar Rodrigues;Vilmar;PF;5551999762772;1;Los Cobos 08 Q12;;vilmar@brasilsulrs.com.br;
A;Los Cobos;Wbf Participacoes Ltda;;PJ;5551992564443;3;Los Cobos 03 Q01, Los Cobos 05 Q05, Los Cobos 08 Q05;;financeiro1@maragogipe.com;
B;Los Cobos;Wilmar Alfredo Reiter;Wilmar;PF;5551999638022;2;Los Cobos 02 Q05, Los Cobos 04 Q04;;movesco@movesco.com.br;celular antigo (9 adicionado)
B;Los Cobos + Lótus Atlântida;Nux Participacoes Ltda;;PJ;5551999870408;2;Los Cobos 09 Q12, Lótus Atlântida 08 K;;laidete@w;
C;Lótus Atlântida;Adilson Warken;Adilson;PF;5551995867722;1;Lótus Atlântida 06 A;;;transcrito de foto
C;Lótus Atlântida;Alberto Alves;Alberto;PF;5551999763594;1;Lótus Atlântida 03 H;;;transcrito de foto
D;Lótus Atlântida;Alberto da Re Junior;Alberto;PF;5551981190110;1;Lótus Atlântida 04 B;;;"final do número ilegível na foto — conferir; transcrito de foto"
C;Lótus Atlântida;Alessandro Rodrigues da Silva;Alessandro;PF;5551999126936;2;Lótus Atlântida 05 A, Lótus Atlântida 01 R;;;transcrito de foto
B;Lótus Atlântida;Alpax Participacoes Eireli;;PJ;5551991713530;1;Lótus Atlântida 07 P;;;transcrito de foto
D;Lótus Atlântida;Andre Luis Kaercher Piccoli;Andre;PF;5551984077070;1;Lótus Atlântida 01 J;;;transcrito de foto
B;Lótus Atlântida;Antônio José Dornelles da Costa Gama;Antônio;PF;5551991119449;1;Lótus Atlântida 03 M;;;transcrito de foto
D;Lótus Atlântida;Area Real Construtora e Incorporadora Ltda;;PJ;5551999154244;1;Lótus Atlântida 04 S;;;transcrito de foto
B;Lótus Atlântida;Bibiana Marczyk dos Santos;Bibiana;PF;5554996236310;1;Lótus Atlântida 02 C;;;transcrito de foto
C;Lótus Atlântida;Carlos F B Carlucci;Carlos;PF;5551951238226;1;Lótus Atlântida 04 D;;;transcrito de foto
B;Lótus Atlântida;Cassio Teonilo Cury Mattos;Cassio;PF;5551984052619;1;Lótus Atlântida 01 Q;;;transcrito de foto
B;Lótus Atlântida;Cesar Zatt;Cesar;PF;5551999645052;1;Lótus Atlântida 01 A;;;transcrito de foto
C;Lótus Atlântida;Christian Guimaraes de Oliveira;Christian;PF;5551993429020;1;Lótus Atlântida 08 C;;;transcrito de foto
B;Lótus Atlântida;Christian Pretto Juchem;Christian;PF;5551981228181;1;Lótus Atlântida 08 P;;;transcrito de foto
B;Lótus Atlântida;Claudir Fidelis Faccenda;Claudir;PF;5551999516839;1;Lótus Atlântida 03 I;;;transcrito de foto
A;Lótus Atlântida;Construcoes Ferreirinhos Ltda;;PJ;5551997179921;1;Lótus Atlântida 02 M;;;transcrito de foto
A;Lótus Atlântida;Constrular Empreendimentos Imobiliarios Ltda;;PJ;5551984857777;1;Lótus Atlântida 02 P;;;transcrito de foto
C;Lótus Atlântida;Cynthia Varisco;Cynthia;PF;5551981827566;2;Lótus Atlântida 08 D, Lótus Atlântida 01 P;Varisco & Oliveira Empreendimentos Ltda.;;transcrito de foto
D;Lótus Atlântida;Daisy Cristina Kindler;Daisy;PF;5551994936000;1;Lótus Atlântida 12 C;;;transcrito de foto
A;Lótus Atlântida;Danielle Nemitz Filippozzi;Danielle;PF;5551981477111;1;Lótus Atlântida 11 D;;;transcrito de foto
C;Lótus Atlântida;Delft Participacoes Ltda;;PJ;5551993341880;2;Lótus Atlântida 06 K, Lótus Atlântida 04 M;;;transcrito de foto
B;Lótus Atlântida;DISM Veiculos e Participacoes Ltda;;PJ;5551991289320;1;Lótus Atlântida 05 Q;;;transcrito de foto
C;Lótus Atlântida;Doppio Studio Construcao e Decoracao Ltda;;PJ;5551991731926;1;Lótus Atlântida 12 B;;;transcrito de foto
D;Lótus Atlântida;Douglas Leomar Nunes de Oliveira;Douglas;PF;5551993963634;2;Lótus Atlântida 09 A, Lótus Atlântida 05 L;Lusa Participacoes Eireli;;transcrito de foto
D;Lótus Atlântida;Edson Luiz Tusi Izolan;Edson;PF;5551991166075;1;Lótus Atlântida 10 B;;;transcrito de foto
A;Lótus Atlântida;Eduardo Franco Carvalhal;Eduardo;PF;5551998053034;1;Lótus Atlântida 10 S;;;transcrito de foto
A;Lótus Atlântida;Elimo Participacoes Societarias Ltda;;PJ;5551984072420;1;Lótus Atlântida 08 O;;;transcrito de foto
C;Lótus Atlântida;Ernani Fernando Moresco;Ernani;PF;5551991298600;2;Lótus Atlântida 02 D, Lótus Atlântida 06 E;;;transcrito de foto
D;Lótus Atlântida;Evandro Ballico;Evandro;PF;5551981292500;1;Lótus Atlântida 02 T;;;transcrito de foto
D;Lótus Atlântida;Evandro Moschetta;Evandro;PF;5551999947586;1;Lótus Atlântida 01 C;;;transcrito de foto
D;Lótus Atlântida;Fabiano Bergoli Zamberlan;Fabiano;PF;5551981820220;1;Lótus Atlântida 08 A;;;transcrito de foto
C;Lótus Atlântida;FD Adm de Patrimonio Familiar Ltda;;PJ;5551992496121;1;Lótus Atlântida 02 H;;;transcrito de foto
A;Lótus Atlântida;Felipe Antônio Bianchi Tarasconi;Felipe;PF;5551999955851;1;Lótus Atlântida 10 C;;;transcrito de foto
B;Lótus Atlântida;Fernando Della Flora;Fernando;PF;5551995649695;1;Lótus Atlântida 01 K;;;transcrito de foto
D;Lótus Atlântida;Fernando Raupp Rosa;Fernando;PF;5551992165190;1;Lótus Atlântida 10 A;;;transcrito de foto
D;Lótus Atlântida;FGM Administradora de Bens Ltda;;PJ;5551981236000;2;Lótus Atlântida 04 H, Lótus Atlântida 06 J;;;transcrito de foto
B;Lótus Atlântida;FHB do Brasil - Comércio e Participacoes Ltda;;PJ;5554999712021;1;Lótus Atlântida 02 R;;;transcrito de foto
A;Lótus Atlântida;Flavio Antônio da Silveira Raupp;Flavio;PF;5551981447000;1;Lótus Atlântida 04 Q;;;transcrito de foto
D;Lótus Atlântida;Flavio Dahlem da Rosa;Flavio;PF;5551991236855;1;Lótus Atlântida 08 S;;;transcrito de foto
C;Lótus Atlântida;Flavio Valdeci Seidler;Flavio;PF;5551997019550;1;Lótus Atlântida 12 A;;;transcrito de foto
C;Lótus Atlântida;Gustavo Brum Peixoto;Gustavo;PF;5555999988088;1;Lótus Atlântida 06 D;;;transcrito de foto
A;Lótus Atlântida;Gustavo Luz Penz;Gustavo;PF;5551981881747;3;Lótus Atlântida 01 B, Lótus Atlântida 02 B, Lótus Atlântida 03 B;;;transcrito de foto
C;Lótus Atlântida;Gustavo Werutsky;Gustavo;PF;5551992554401;1;Lótus Atlântida 07 A;;;transcrito de foto
D;Lótus Atlântida;HM Geriatria e Hotelaria Ltda;;PJ;5551999767676;1;Lótus Atlântida 02 Q;;;transcrito de foto
D;Lótus Atlântida;Humberto Araujo Souza;Humberto;PF;5551980105619;1;Lótus Atlântida 05 D;;;transcrito de foto
C;Lótus Atlântida;Ismael Flach;Ismael;PF;5551981050000;1;Lótus Atlântida 01 T;;;transcrito de foto
A;Lótus Atlântida;IWP Empreendimentos Imobiliarios Ltda;;PJ;5551997381051;1;Lótus Atlântida 04 F;;;transcrito de foto
A;Lótus Atlântida;Joice Carie dos Santos Della Flora;Joice;PF;5551984523737;1;Lótus Atlântida 02 K;;;transcrito de foto
B;Lótus Atlântida;Joma Construcao e Incorporacao Ltda;;PJ;5551999831185;1;Lótus Atlântida 03 N;;;transcrito de foto
D;Lótus Atlântida;Jorge Fernando Krug;Jorge;PF;5551999987246;1;Lótus Atlântida 04 G;;;transcrito de foto
B;Lótus Atlântida;Jorge Trindade da Rocha;Jorge;PF;5551999760448;1;Lótus Atlântida 06 S;;;transcrito de foto
C;Lótus Atlântida;José Valdair Santos de Matos;José;PF;5551999295100;1;Lótus Atlântida 05 B;;;transcrito de foto
A;Lótus Atlântida;JVGP Administradora de Bens Ltda;;PJ;5554981350260;2;Lótus Atlântida 02 I, Lótus Atlântida 02 J;;;transcrito de foto
D;Lótus Atlântida;Kelly Santana Hertel;Kelly;PF;5551995163929;1;Lótus Atlântida 07 C;;;transcrito de foto
A;Lótus Atlântida;Leonardo La Bradbury;Leonardo;PF;5551981187030;1;Lótus Atlântida 04 I;;;transcrito de foto
B;Lótus Atlântida;Leticia Freund Pitrez;Leticia;PF;5551998084429;1;Lótus Atlântida 11 K;;;transcrito de foto
B;Lótus Atlântida;Liliamar;Liliamar;PF;5551999666389;1;Lótus Atlântida 04 C;;;transcrito de foto
D;Lótus Atlântida;Link Empreendimentos e Construcoes Eireli;;PJ;5551999902845;1;Lótus Atlântida 03 G;;;transcrito de foto
B;Lótus Atlântida;Lucca Francesco Zatt;Lucca;PF;5551993047838;2;Lótus Atlântida 01 E, Lótus Atlântida 01 I;;;transcrito de foto
D;Lótus Atlântida;Luis Haroldo Iepsen;Luis;PF;5551984011205;1;Lótus Atlântida 03 J;;;transcrito de foto
D;Lótus Atlântida;Luiz Fernando Crespo Cavalheiro;Luiz;PF;5551999813094;1;Lótus Atlântida 10 D;;;transcrito de foto
A;Lótus Atlântida;Mahmud Juma Abdalla Abdel Hamid;Mahmud;PF;5551999953159;1;Lótus Atlântida 11 C;;;transcrito de foto
B;Lótus Atlântida;Marcelino Colombo Eireli - EPP;;PJ;5551997510785;1;Lótus Atlântida 07 B;;;transcrito de foto
B;Lótus Atlântida;Marcelo da Rocha Pioner;Marcelo;PF;5551999659301;1;Lótus Atlântida 01 O;;;transcrito de foto
A;Lótus Atlântida;Marcelo Fachinello Piccoli;Marcelo;PF;5551981253801;1;Lótus Atlântida 02 N;;;transcrito de foto
A;Lótus Atlântida;Marcelo Romanelli Soares;Marcelo;PF;5551999177330;1;Lótus Atlântida 08 Q;;;transcrito de foto
C;Lótus Atlântida;Marcio Fernando Boff;Marcio;PF;5551999973387;1;Lótus Atlântida 03 C;;;transcrito de foto
A;Lótus Atlântida;Marcus Vinicius Machado Borges;Marcus;PF;5551992651139;1;Lótus Atlântida 05 C;;;transcrito de foto
C;Lótus Atlântida;Maria Lucia Sefrin dos Santos;Maria;PF;5551999828998;1;Lótus Atlântida 03 L;;;transcrito de foto
D;Lótus Atlântida;Marilisa Berenstein Nunes;Marilisa;PF;5551999565657;1;Lótus Atlântida 03 F;;;transcrito de foto
B;Lótus Atlântida;Mark Leader Comercio de Couros Eireli;;PJ;5551981573337;1;Lótus Atlântida 02 E;;;transcrito de foto
D;Lótus Atlântida;Mateus Francisco Pasquali;Mateus;PF;5554999710000;2;Lótus Atlântida 11 A, Lótus Atlântida 05 K;Itauba Participacoes e Transportes Ltda;;transcrito de foto
C;Lótus Atlântida;MB Arquitetura e Design;;PJ;5551995504986;2;Lótus Atlântida 04 A, Lótus Atlântida 03 D;BTY Importadora e Exportadora Ltda;;transcrito de foto
A;Lótus Atlântida;Monica Marroni Zortea;Monica;PF;5551981238649;1;Lótus Atlântida 05 E;;;transcrito de foto
A;Lótus Atlântida;Mozart Fassbinder Vidal;Mozart;PF;5551992796082;1;Lótus Atlântida 13 B;;;transcrito de foto
B;Lótus Atlântida;MRP Incorporacao de Imoveis S/S Ltda;;PJ;5551999850568;1;Lótus Atlântida 11 B;;;transcrito de foto
B;Lótus Atlântida;NS Empreendimentos e Incorporacoes Ltda;;PJ;5551999879475;2;Lótus Atlântida 14 B, Lótus Atlântida 15 B;;;transcrito de foto
C;Lótus Atlântida;Onze Participacoes Ltda;;PJ;5551998081111;1;Lótus Atlântida 05 N;;;transcrito de foto
B;Lótus Atlântida;PGA Incorporacoes Ltda;;PJ;5551996393159;1;Lótus Atlântida 09 C;;;transcrito de foto
B;Lótus Atlântida;PGF Empreendimentos Imobiliarios Ltda;;PJ;5551991518577;1;Lótus Atlântida 01 D;;;transcrito de foto
A;Lótus Atlântida;Planauto Pavimentacoes Ltda;;PJ;5551999831409;1;Lótus Atlântida 06 B;;;transcrito de foto
A;Lótus Atlântida;Ponto Alto Engenharia Ltda;;PJ;5551999856858;1;Lótus Atlântida 01 F;;;transcrito de foto
C;Lótus Atlântida;Ricardo Mirico Aronis;Ricardo;PF;5551992569048;1;Lótus Atlântida 09 S;;;transcrito de foto
D;Lótus Atlântida;Roberto Citton;Roberto;PF;5551998787932;1;Lótus Atlântida 14 C;;;transcrito de foto
B;Lótus Atlântida;Roberto Pierri Bersch;Roberto;PF;5551981226978;1;Lótus Atlântida 02 G;;;transcrito de foto
D;Lótus Atlântida;Roni Ferrarin;Roni;PF;5551981720000;1;Lótus Atlântida 05 O;;;transcrito de foto
A;Lótus Atlântida;Rony Carlos Giongo;Rony;PF;5551999334594;1;Lótus Atlântida 10 K;;;transcrito de foto
C;Lótus Atlântida;Salete Boff Aléssio;Salete;PF;5567999831102;1;Lótus Atlântida 06 H;;;transcrito de foto
B;Lótus Atlântida;Sandra Regina de Barros Ling;Sandra;PF;5551998216037;3;Lótus Atlântida 05 T, Lótus Atlântida 06 T, Lótus Atlântida 07 T;;;transcrito de foto
A;Lótus Atlântida;Sergio Antonio Bauermann;Sergio;PF;5551999821740;1;Lótus Atlântida 04 K;;;transcrito de foto
C;Lótus Atlântida;Sergio Ebling Enck;Sergio;PF;5551999633060;1;Lótus Atlântida 13 C;;;transcrito de foto
A;Lótus Atlântida;Simon-Pereira Arquitetura e Construcao Ltda;;PJ;5551999831378;1;Lótus Atlântida 03 E;;;transcrito de foto
D;Lótus Atlântida;Suedi Batista Raupp;Suedi;PF;5551984137375;1;Lótus Atlântida 02 F;;;transcrito de foto
A;Lótus Atlântida;Teodoro Empreend Imobiliarios Ltda;;PJ;5551999913426;1;Lótus Atlântida 03 T;;;transcrito de foto
C;Lótus Atlântida;Utzig Participacoes Societarias Ltda;;PJ;5551999894917;1;Lótus Atlântida 09 P;;;transcrito de foto
C;Lótus Atlântida;Vanessa Pitten Velloso;Vanessa;PF;5551992467880;1;Lótus Atlântida 09 B;;;transcrito de foto
B;Zen;Airton Schimitt;Airton;PF;5551996792260;1;Zen Q09 L05;;asmedicos.eda@gmail.com;
D;Zen;Alessandro Rodrigues da Silva;Alessandro;PF;5551991522200;1;Zen Q18 L16;;hexasoft@terra.com.br;
A;Zen;Alexandre Chaves Barcellos;Alexandre;PF;5551981177872;1;Zen Q10 L06;;alcchaves@terra.com.br;
D;Zen;Alexandre da Silva Ricoi;Alexandre;PF;5551984013149;1;Zen Q11 L06;;a.ricoi@terra.com.br;
A;Zen;Alexandre da Silveira Gerzson;Alexandre;PF;5551992385905;1;Zen Q13 L01;;alexandregerzson@gmail.com;
C;Zen;Alexandre Pagaes;Alexandre;PF;5551985090024;1;Zen Q17 L07;;alexandreautocenter@hotmail.com;
D;Zen;Alexandre Piageti Cassel;Alexandre;PF;5551999713770;1;Zen Q18 L23;;alexpcassel@gmail.com;
C;Zen;Alvaro Nascimento;Alvaro;PF;5551997391192;1;Zen Q07 L08;;alvaronascimentors@gmail.com;
B;Zen;Amanda dos Santos Markiewicz;Amanda;PF;5551993112488;1;Zen Q07 L04;;amanda@multimolas.com.br;
B;Zen;Ana Beatriz Silveira;Ana;PF;5551996880050;1;Zen Q11 L05;;silveira.anabeatriz@gmail.com;
B;Zen;Ana Laura Dalpian Celline;Ana;PF;5516992425244;1;Zen Q16 L11;;analauradalpian07@hotmail.com;
D;Zen;Aser Participações Societarias LTDA;;PJ;5551992666890;1;Zen Q19 L07;;cp1@frumar.com.br;
D;Zen;Braulio Henrique Orige Kras;Braulio;PF;5551996445535;1;Zen Q05 L11;;brauliokras..91@outlook.com;
C;Zen;Bruno Cesar Pretzel;Bruno;PF;5551991919814;1;Zen Q14 L01;;brunopretzel@gmail.com;
A;Zen;Bruno Niederauer Schimitt;Bruno;PF;5551999190607;1;Zen Q10 L08;;rogerioschimittcel@gmail.com;
C;Zen;Candido Aurelio da Silva;Candido;PF;5551996834581;1;Zen Q18 L10;;candidosibm@gmail,com;
B;Zen;Carlos e Carlos Comercio de Veiculos LTD;;PJ;5551999573920;1;Zen Q12 L05;;tiarajuautomoveis@terra.com.br;
D;Zen;Carlos Eduardo Albo Py;Carlos;PF;5551993077842;1;Zen Q19 L04;;carlospy66@hotmail.com;
C;Zen;Carlos Eduardo Hadad Ramos;Carlos;PF;5551981777960;1;Zen Q17 L10;;c.eduardo.ramos@hotmail.com;
D;Zen;Carlos Helgio Silva de Souza;Carlos;PF;5551998540769;1;Zen Q07 L10;;carloshelgio@hotmail.com;
B;Zen;Carlos Roberto de Mattos Souza Junior;Carlos;PF;5511992656617;2;Zen Q04 L12, Zen Q04 L11;;carlosmattosjr@gmail.com;
B;Zen;Carlos Zenilto Treicha Garcia;Carlos;PF;5551999632142;1;Zen Q01 L11;;carlos.zenitto@icloud.com;
B;Zen;Carolina Gomes Dornelles;Carolina;PF;5551991730226;1;Zen Q01 L03;;carlosgomes81@gmail.com;
B;Zen;Carolina Piardi Ricchetti;Carolina;PF;5551997339188;1;Zen Q12 L01;;carolricchetti@gmail.com;
B;Zen;Cassiano Campo Furlan;Cassiano;PF;5551985225008;1;Zen Q07 L09;;cassiano@alphahides.com.br;
D;Zen;Cassio Eduardo Xavier;Cassio;PF;5551996271327;1;Zen Q10 L17;;cassio_edudi@hotmail.com;
B;Zen;Celso Aranha Coli;Celso;PF;5581923997999;2;Zen Q03 L16, Zen Q04 L08;;colicelso@gmail.com;
A;Zen;Chaene Caroline Rodrigues;Chaene;PF;5551981464614;1;Zen Q07 L03;;pbcapao@yahoo.com.br;
C;Zen;Cinthia Gabriela Borges;Cinthia;PF;5551993086481;1;Zen Q04 L14;;ricardogralhamassia@hotmail.com;
D;Zen;Ciro Ricardo Vives;Ciro;PF;5551999954973;1;Zen Q17 L12;;cirovives@hotmail.com;
B;Zen;Claudia Gay Barbedo;Claudia;PF;5551999826042;1;Zen Q17 L21;;claudia@claudiabarbedo.com.br;
D;Zen;Claudia Ouriques Carvalho;Claudia;PF;5551991425215;1;Zen Q18 L14;;ouriquesclaudia@yahoo.com.br;
D;Zen;Clecio Jacob Schnarth;Clecio;PF;5551981480660;1;Zen Q16 L05;;relacionamento@melnick.com.br;
B;Zen;Cleo José Rodrigues Martellet;Cleo;PF;5551999826362;1;Zen Q17 L08;;cleo@overtakestore.com;
A;Zen;Cleu Conter Weinheimer;Cleu;PF;5566998584858;1;Zen Q04 L06;;cleuconter@gmail.com;
B;Zen;Cristian Froemming;Cristian;PF;5551993137373;1;Zen Q18 L21;;cristian.frg.eng@gmail.com;
D;Zen;Cristiano Cruz Candaten;Cristiano;PF;5551991390222;1;Zen Q01 L01;;cristianocandaten@hotmail.com;
C;Zen;Daniel Brites Fagundes;Daniel;PF;5551991880904;1;Zen Q14 L06;;daniel@trendconstrucoes.com.br;
B;Zen;Daniel Melecci de Oliveira Freitas;Daniel;PF;5551998365520;1;Zen Q09 L03;;danielmelecci@hotmail.com;
C;Zen;Daniel Noschang;Daniel;PF;5551993296802;1;Zen Q15 L19;;noschang@terra.com.br;
B;Zen;Daniel William da Costa;Daniel;PF;5551997027130;2;Zen Q14 L13, Zen Q15 L14;;daniewilliamdacosta@gmail.com;
D;Zen;Danielle de Souza Clerman Bruxel;Danielle;PF;5551993335259;1;Zen Q16 L13;;daniclermar@yahoo.com.br;
B;Zen;Debora Marcondes Farinati;Debora;PF;5551991135964;1;Zen Q17 L24;;debfarinati@yahoo.com.br;
A;Zen;Decio Rosa Marimon;Decio;PF;5551996959857;1;Zen Q18 L20;;sulrural@farsul.org.br;
D;Zen;Deividi Junior Constante Evaldt;Deividi;PF;5551998049254;1;Zen Q18 L11;;deividi.evaldt@gmail.com;
C;Zen;Denis da Rocha Riccardi Guimarães;Denis;PF;5551981828814;1;Zen Q04 L09;;denis@denisriccardi.com.br;
D;Zen;Denise Gomes Siqueira de Grandi;Denise;PF;5551993350337;1;Zen Q17 L01;;denise@gomessiqueira.com.br;
A;Zen;Diana Leite Guarienti;Diana;PF;5551997870977;2;Zen Q07 L05, Zen Q07 L06;;dianaguarienti@gmail.com;
C;Zen;Diego Marcelo Correa Oliveira;Diego;PF;5551981851860;1;Zen Q16 L09;;diego@cambiogo.com;
A;Zen;Diego Martignoni;Diego;PF;5551981422249;1;Zen Q17 L14;;diegomartigoni@gmail.com;
B;Zen;Diego Teixeira Evagelista;Diego;PF;5551994511474;1;Zen Q09 L01;;diegoteixeiraevangelista@gmail.com;
A;Zen;Diego Weigert Fraga;Diego;PF;5551982210040;1;Zen Q08 L06;;diegoweigert@hotmail.com;
C;Zen;Ederson Krummenauer;Ederson;PF;5551984001010;1;Zen Q10 L21;;eder@frumar.com.br;
C;Zen;Edison Hugo Schaeffer Junior;Edison;PF;5551999193751;1;Zen Q16 L04;;edison.schaeffer@gmail.com;
B;Zen;Edison Torreta;Edison;PF;5551984249129;1;Zen Q03 L05;;edison@vidabela.com.br;
A;Zen;Eduardo Lorenci da Rosa;Eduardo;PF;5555997013436;1;Zen Q20 L01;;e-dudu@hotmail.com;
A;Zen;Eduardo Morche Wagner;Eduardo;PF;5551984966924;1;Zen Q14 L15;;enwagner2011@gmail.com;
A;Zen;Eduardo Rosa Marimon;Eduardo;PF;5551997177744;1;Zen Q20 L04;;e.marimon@terra.com.br;
B;Zen;Elis Regina Gobi;Elis;PF;5551984771959;2;Zen Q10 L18, Zen Q14 L14;;elisrgobi@gmail.com;
A;Zen;Elita Maria Menezes Salvi;Elita;PF;5551995621558;1;Zen Q15 L12;;elita.salvi@gmail.com;
C;Zen;Elizete da Silva Pereira;Elizete;PF;5551998071629;1;Zen Q08 L01;;elizeteap@gmail.com;
B;Zen;Elizeu Simon Pereira;Elizeu;PF;5551999685123;1;Zen Q06 L08;;elizeu@savarauto.com.br;
A;Zen;Elso Oliveira Nogueira;Elso;PF;5551999890011;1;Zen Q14 L08;;elso.onogueira@gmail.com;
D;Zen;Enio Strapação de Cezere;Enio;PF;5551980167498;1;Zen Q16 L15;;decezere66@gmail.com;
C;Zen;Enzzo Construtora LTDA;;PJ;5551997229925;1;Zen Q18 L03;;enzzoconstrutora@gmail.com;
C;Zen;Evaldo Borba Espindula;Evaldo;PF;5551991554486;1;Zen Q19 L03;;evaldoborbaespindula@gmail.com;
C;Zen;Everton Francisco da Rosa Eireli ME;;PJ;5551999660717;1;Zen Q03 L01;;everton@facta.com.br;
B;Zen;Ezequiel Assis Brunheri;Ezequiel;PF;5551981515139;1;Zen Q05 L03;;ezequiel.brunheri@hotmail.com;
A;Zen;Fabiano Zampieri;Fabiano;PF;5551995967776;1;Zen Q07 L02;;fabiano@exclusiveimoveisedluxo.com.br;
A;Zen;Fabio Luis Carraro;Fabio;PF;5551984074691;1;Zen Q06 L06;;fabio.carraro@icompany.com.br;
A;Zen;Felipe Carretero Papaleo;Felipe;PF;5551981825737;1;Zen Q12 L03;;fcpapaleo@gmail.com;
D;Zen;Felipe Coronel Ribeiro;Felipe;PF;5551992653228;1;Zen Q15 L02;;felipecr@gmail.com;
B;Zen;Felipe Edward Ely Arantes;Felipe;PF;5551999976773;1;Zen Q17 L06;;felipearnts@hotmail.com;
C;Zen;Felipe Petry;Felipe;PF;5551984027950;1;Zen Q13 L03;;felipe@delplus.inf.br;
C;Zen;Felipe Schneider Bressani;Felipe;PF;5551985397575;2;Zen Q10 L01, Zen Q10 L03;;felipe.bressani@purasfo.com.br;
A;Zen;Fernando Azambuja Magnus Assis;Fernando;PF;5551992737678;1;Zen Q10 L02;;fernandomagnusassis@gmail.com;
A;Zen;Fernando Cecconello Preto;Fernando;PF;5551999359258;1;Zen Q04 L10;;"fcpreto@gmail;com";
B;Zen;Fernando Ferrary Rocha de Bittencourt;Fernando;PF;5551999860515;1;Zen Q04 L05;;fernando.ferrary@terra.com.br;
C;Zen;Fernando Michetti de Resende;Fernando;PF;5551992468647;1;Zen Q16 L20;;fernandomichetti@hotmail.com;
D;Zen;Fernando Puhl;Fernando;PF;5554991233474;1;Zen Q05 L06;;fepuhl@hotmail.com;
D;Zen;Fernando Terrazas Medeiros;Fernando;PF;5551984136265;1;Zen Q17 L02;;fernandotm.32@gmail.com;
A;Zen;Flamboia Administração;;PJ;5551981168220;1;Zen Q18 L05;;jacksonsimon@uol.com.br;
D;Zen;Flavio Cesar Rosa Tavaniello;Flavio;PF;5551981167920;1;Zen Q01 L08;;ftavaniello@fitesa.com.br;
B;Zen;Flavio Graca Moraes;Flavio;PF;5551999886993;1;Zen Q10 L15;;flaviogreca@gmail.com;
B;Zen;Flavio Prezzi;Flavio;PF;5511984442687;1;Zen Q06 L09;;flavio.prezzi@gmail.com;
B;Zen;Franklin Diniz Carvalho Moreira;Franklin;PF;5551999882309;1;Zen Q01 L07;;luiza@franklinmoreira.com.br;celular antigo (9 adicionado)
D;Zen;Gabriel Fontes Carvalho;Gabriel;PF;5551999265443;1;Zen Q05 L09;;gabriel19fcarvalho@gmail.com;
D;Zen;Gabriel Marques de Medeiros;Gabriel;PF;5551997563433;1;Zen Q11 L02;;gabriel1985medereiros@hotmail.com;
A;Zen;Gabriela Lemos de Siqueira;Gabriela;PF;5551991796179;1;Zen Q10 L13;;sandrojung@hotmail.com;
C;Zen;Gelson Alberti;Gelson;PF;5551997977005;1;Zen Q14 L18;;gelsonalberti@gmail.com;
C;Zen;Guilherme Augusto Ames Girotto;Guilherme;PF;5551997090955;1;Zen Q03 L13;;guiga741@gmail.com;
A;Zen;Guilherme Backes;Guilherme;PF;5551995358916;1;Zen Q14 L07;;guilhermebackes@hotmail.com;
A;Zen;Gustavo Coelho de Souza;Gustavo;PF;5551996420021;1;Zen Q11 L03;;gustavocsouza83@gmail.com;
C;Zen;Gustavo Rigo;Gustavo;PF;5554996014672;1;Zen Q10 L07;;gustavotigo1@gmail.com;
B;Zen;Ilana Andretta;Ilana;PF;5551999136213;1;Zen Q14 L05;;ilana.andretta@gmail.com;
D;Zen;Iniold Oliveira Cavalheiro;Iniold;PF;5551998174798;1;Zen Q07 L07;;iniold@hotmail.com;
C;Zen;Ismael Krummenauer;Ismael;PF;5551995886755;1;Zen Q13 L07;;vera@alfasolucaointeligente.com.br;
A;Zen;Ismael Sidnei Decker;Ismael;PF;5551991369486;2;Zen Q15 L28, Zen Q16 L12;;ismaelmjsl@gmail.com;
B;Zen;Ivens Giuliano Campos dos Santos;Ivens;PF;5551999979899;1;Zen Q01 L04;;ivens@bm.rs.gov.br;
A;Zen;Izaura Padua Silveira;Izaura;PF;5551992970883;1;Zen Q05 L04;;izauraps@gmail.com;
C;Zen;Jacques Antônio Boer Fernandes;Jacques;PF;5551993143528;1;Zen Q03 L04;;jacques.fernandes@gmail.com;
C;Zen;Jandir Collatto;Jandir;PF;5551991166511;2;Zen Q17 L15, Zen Q17 L16;;jandir.collatto@terra.com.br;
A;Zen;Janelson dos Santos Carvalho;Janelson;PF;5551993220563;1;Zen Q01 L09;;adriana@hopicasadefestas.com.br;
A;Zen;Jaqueline Joana Massalei;Jaqueline;PF;5551995827544;1;Zen Q15 L27;;saojorgeesteio@gmail.com;
A;Zen;Jarbas da Silva Martini Filho;Jarbas;PF;5551996518439;1;Zen Q15 L23;;jarbasmartinifilho@hotmail.com;
D;Zen;Jefferson Bombardelli;Jefferson;PF;5551992885573;1;Zen Q16 L08;;jbombardelli@hotmail.com;
A;Zen;Jefferson Lemos;Jefferson;PF;5551999257648;1;Zen Q05 L13;;jefersonlemos.j@gmail.com;
D;Zen;Jeverson Valter Leonel Barcellos;Jeverson;PF;5551991717171;1;Zen Q01 L12;;jeversonbarcellos@gmail.com;
A;Zen;JGMJ Construções LTDA;;PJ;5551998134491;1;Zen Q14 L11;;josegomesalmeida@yahoo.com.br;
C;Zen;João Alberto Catafesta;João;PF;5548999656562;1;Zen Q15 L03;;joaocatafesta@hotmail.com;
A;Zen;João Pedro Cavedon Soares;João;PF;5551981081733;1;Zen Q18 L22;;joaopedro@mfms.com.br;
A;Zen;Jonas Andre Hickmann;Jonas;PF;5551992642904;1;Zen Q13 L20;;jonashickmann@nextincorporadora.com.br;
D;Zen;Jose Arthur Lubbe Bremm;Jose;PF;5551999169111;1;Zen Q01 L01;;arthurbremm@hotmail.com;
A;Zen;José Claudio Gravina Fladanelli;José;PF;5554981126671;1;Zen Q14 L09;;josefadanelli@gmail.com;
B;Zen;Jose Eduardo Fernandes;Jose;PF;5551984220222;1;Zen Q17 L23;;nanydimer@hotmail.com;
D;Zen;Jose Fernades Campos de Queiroz;Jose;PF;5554982210086;1;Zen Q01 L10;;apkseverino@gmail.com;
A;Zen;Jose Francisco Soares Sperotto;Jose;PF;5551981418834;1;Zen Q16 L02;;marciasperotto@gmail.com;
C;Zen;José Henrique Guimarães Floriani;José;PF;5551992299848;1;Zen Q02 L01;;jhfloriani@gmail.com;
C;Zen;Jose Humberto Sorio de Oliveira;Jose;PF;5551999715312;2;Zen Q01 L05, Zen Q08 L04;Suzy Maria Possapp Rocha;dra.suzyrocha@hotmail.com;
A;Zen;Jucilane de Souza Maciel Zanellato;Jucilane;PF;5548996342610;1;Zen Q13 L04;;lojaespacoteen@outlook.com;
D;Zen;Jucilene Cardoso Pereira;Jucilene;PF;5551993666124;1;Zen Q01 L14;;jucilenepereirabr@hotmail.com;
D;Zen;Juliane Antonelo Campos;Juliane;PF;5551985498525;1;Zen Q13 L19;;julianeantonelocampos@gmail.com;
C;Zen;Juliano Lopes Garcia;Juliano;PF;5551981240315;1;Zen Q06 L12;;julianogarcia@yahoo.com.br;
C;Zen;Juliano Scariot da Rocha;Juliano;PF;5555991495065;1;Zen Q08 L02;;juliano@emesuldivisorias.com;
A;Zen;Laura Jelinek;Laura;PF;5551997972345;1;Zen Q20 L03;;laurinhajelinek@outlook.com;
C;Zen;Laura Nunes Del Mauro de Carvalho;Laura;PF;5551996519093;1;Zen Q17 L03;;laura_delmauro@hotmail.com;
B;Zen;Laura Walfrid Lermann;Laura;PF;5551996782747;1;Zen Q18 L19;;lauralermann@gmail.com;
C;Zen;Leandro Cima;Leandro;PF;5554984125244;1;Zen Q05 L07;;cima.leandro@gmail.com;
B;Zen;Leonardo Cardoso Arena;Leonardo;PF;5553991091969;1;Zen Q18 L15;;nadoarena@yahoo.com.br;
B;Zen;Leonardo Carvalho Fraga;Leonardo;PF;5551984060498;1;Zen Q12 L04;;leonardofrag@hotmail.com;
B;Zen;Leonardo La Bradbury;Leonardo;PF;5551981187090;2;Zen Q16 L06, Zen Q16 L07;;angela.w@lasserra.com.br;
D;Zen;Liege Maria Tagliari da Silva;Liege;PF;5551981177023;1;Zen Q14 L10;;seguros@tagliaro.com.br;
C;Zen;Luciano Andreatta Carvalho da Costa;Luciano;PF;5551991050781;1;Zen Q11 L07;;andreatta.luciano@gmail.com;
D;Zen;Luis Alberto Kummecke Masera;Luis;PF;5551991237758;1;Zen Q03 L10;;jaloma.luis@terra.com.br;
D;Zen;Luis Alberto Lopes;Luis;PF;5512981633134;1;Zen Q18 L04;;luisalbertolal@hotmail.com;
B;Zen;Luiz Armando Silva Maggioni;Luiz;PF;5551984129365;1;Zen Q16 L16;;luis.maggioni@mcadvogados.com.br;
D;Zen;Luiz Fernando Burgel;Luiz;PF;5551999783780;1;Zen Q10 L14;;ifbshoes@gmail.com;
B;Zen;Luiz Fernando da Silva Guimarães;Luiz;PF;5551999560402;1;Zen Q01 L02;;guimaraes_lf@yahoo.com.br;
B;Zen;Luiz Francisco Zimmer Neto;Luiz;PF;5551998317151;1;Zen Q14 L09;;luizfnt@yahoo.com.br;
B;Zen;Luiza Maria Ribeiro de Almeida;Luiza;PF;5551994045101;1;Zen Q13 L15;;luizamralmeida@gmail.com;
B;Zen;Maicon Machado Delfino;Maicon;PF;5551991830026;1;Zen Q13 L05;;maiconmdelfino@gmail.com;
B;Zen;Marcelo Pereira Vargas da Silva;Marcelo;PF;5551995923110;1;Zen Q12 L06;;marcelo.vargas488@gmail.com;
A;Zen;Marcelo Rigo;Marcelo;PF;5554981126161;1;Zen Q10 L19;;marcelorigo1975@gmail.com;
D;Zen;Marcelo Seidl Gomes;Marcelo;PF;5551998056047;2;Zen Q01 L15, Zen Q05 L01;;marceloseidlgomes@terra.com.br;
B;Zen;Marcelo Wainberg Rodrigues;Marcelo;PF;5551998376268;1;Zen Q13 L06;;drmarcelowr@gmail.com;
C;Zen;Marcia Vencato Sonnemman;Marcia;PF;5551991993363;1;Zen Q11 L04;;marciason@hotmail.com;
D;Zen;Marciane Edenise Hasckel;Marciane;PF;5551991499000;1;Zen Q15 L05;;marciehasckel@gmail.com;
D;Zen;Marcio Garcia;Marcio;PF;5551992734830;1;Zen Q03 L02;;marciogarcia@algoamail.com.br;
A;Zen;Marco Aurelio Santos Pacheco;Marco;PF;5551999644993;1;Zen Q13 L17;;celise@celiseincorp.com.br;
C;Zen;Marcos Aurelio Pasinato;Marcos;PF;5551999833904;1;Zen Q06 L13;;mpasinato@uol.com.br;
A;Zen;Marcos Aurelio Pasinato;Marcos;PF;5551999893904;2;Zen Q14 L17, Zen Q19 L06;;mpasinato@uol.com.br;
A;Zen;Marcus Vinicius Saraiva Cardoso;Marcus;PF;5551984881111;1;Zen Q10 L12;;marcus.cardoso1@hotmail.cm;
D;Zen;Margareth Rodrigues Salerno;Margareth;PF;5551996780925;1;Zen Q04 L01;;margareth.salerno@pucrs.br;
A;Zen;Maria Fernanda Greca Moraes Saliemen;Maria;PF;5551999865184;1;Zen Q06 L02;;nanda.salimen@terra.com.br;
D;Zen;Mariana Martins Lemos;Mariana;PF;5551999257231;1;Zen Q08 L03;;marimartinslemos@hotmail.com;
C;Zen;Matheus Esperança de Matos;Matheus;PF;5551982248885;1;Zen Q17 L09;;engcivil,matheusmatos@gmail.com;
B;Zen;Matheus Piardy Claudy;Matheus;PF;5551996868715;1;Zen Q10 L11;;mpclaudy@gmail.com;
D;Zen;Mauro Luiz Lunkes;Mauro;PF;5551998299022;1;Zen Q15 L16;;mauro.lunkes@stv.com.br;
C;Zen;MHC Engenharia Eireli;;PJ;5551982118116;2;Zen Q03 L08, Zen Q14 L16;;mhcohen@terra.com.br;
A;Zen;Michelle Moreira;Michelle;PF;5551984424208;1;Zen Q02 L04;;fsaldanha@hotmail.com;
B;Zen;Mottin Engenharia e Construções LTDA;;PJ;5551981826242;1;Zen Q18 L12;;gerson@mottinengenharia.com.br;
A;Zen;Myrta Maria Moraes da Silva;Myrta;PF;5551992308647;1;Zen Q06 L05;;tattimoraes@hotmail.com;
C;Zen;Natália Winter Rovares;Natália;PF;5551981307296;1;Zen Q18 L24;;nataliarovaris@hotmail.com;
A;Zen;Naum Carlos Wasserman;Naum;PF;5551981750023;1;Zen Q10 L09;;naumwasserman@gmail.com;
A;Zen;Nilson Lemos;Nilson;PF;5551981227255;1;Zen Q10 L10;;enilsonlemos@gmail.com;
C;Zen;Nilvo Dirson Steuernagel;Nilvo;PF;5551993029776;1;Zen Q15 L26;;mercadosaojorgenillvo@hotmail.com;
B;Zen;Norto Albrecht Quites;Norto;PF;5551998048244;1;Zen Q15 L24;;norton@pstaq.com.br;
D;Zen;Paula Sauer Diehl;Paula;PF;5551999998232;1;Zen Q16 L17;;paula.diehl@trt11.jus.br;
A;Zen;Paulo Cesar Hofer;Paulo;PF;5551994147935;1;Zen Q18 L01;;pc.hofer@hotmail.com;
C;Zen;Paulo Henrique Silva Nunes;Paulo;PF;5551981151291;2;Zen Q15 L01, Zen Q15 L10;;henrique@gauchadistribuidora.com.br;
D;Zen;Paulo Ricardo de Oliveira;Paulo;PF;5551999781983;1;Zen Q07 L13;;administrativo@esquinadaeconomia.com.br;
C;Zen;Paulo Roberto Antonaccio Carvalho;Paulo;PF;5551999392165;1;Zen Q02 L07;;carvalho.conex@gmail.com;
B;Zen;Paulo Roberto Azevedo Osorio;Paulo;PF;5551999610754;1;Zen Q13 L10;;pauloosorio@melnick.com.br;
C;Zen;Pedro Amar Ribeiro de Lacerda;Pedro;PF;5551991135382;1;Zen Q06 L11;;lacer0500@gmail.com;
A;Zen;Pedro Raul Garay da Silva;Pedro;PF;5551999733612;1;Zen Q20 L09;;pedrinho_raul@hotmail.com;
D;Zen;Pedro Teixeira de Siqueira Neto;Pedro;PF;5521985180208;1;Zen Q08 L05;;pedro.siqueira@bicharalaw.com.br;
D;Zen;Rafael Fernando Mattos;Rafael;PF;5551981126161;1;Zen Q05 L10;;rafael@advmattos.com.br;
C;Zen;Rafael Iessim Tavora;Rafael;PF;5551993587765;1;Zen Q04 L07;;rafa.tavora@hotmail.com;
C;Zen;Rafael Mario Sebben;Rafael;PF;5551993272277;1;Zen Q14 L12;;condominioolinda140@gmail.com;
B;Zen;Raquel Tavares Saldanha;Raquel;PF;5551999936001;1;Zen Q17 L11;;raquel.repress@gmail.com;
D;Zen;Renata Costabeber;Renata;PF;5554991144042;1;Zen Q20 L07;;recbeber@hotmail.com;
B;Zen;Renata Lazzari;Renata;PF;5551985037136;1;Zen Q16 L01;;renata@kl-quartz.com.br;
D;Zen;Ricardo Giffoni Pinto de Moraes;Ricardo;PF;5551995085869;1;Zen Q15 L18;;ricardogpmoraes@gmsil.com;
D;Zen;Ricardo Valli da Cunha;Ricardo;PF;5551999987957;1;Zen Q19 L01;;rvcunha1976@gmail.com;
A;Zen;Roberta Juchem;Roberta;PF;5554991318753;2;Zen Q01 L13, Zen Q03 L09;;diogogregoletto@hotmail.com;
B;Zen;Roberta Sirangelo Cauduro;Roberta;PF;5551999520029;1;Zen Q13 L11;;cauduroadvogados@terra.com.br;
D;Zen;Roberta Werner Sartori;Roberta;PF;5551993590248;1;Zen Q02 L05;;roberta@uniquadras.com.br;
C;Zen;Roberto Luiz de Borba Borges;Roberto;PF;5551981898754;1;Zen Q18 L02;;roberto.borges@cardiol.br;
D;Zen;Roberto Psdilha Guimarães;Roberto;PF;5551995202062;1;Zen Q18 L13;;robertopadilha@yahoo.com.br;
A;Zen;Rodrigo Porto Castro;Rodrigo;PF;5551999994789;1;Zen Q18 L18;;rodrigo@edisul.com.br;
B;Zen;Rosane Maria Cardoso;Rosane;PF;5551992511272;1;Zen Q18 L09;;rosanecardoso4@hotmail.com;
A;Zen;Rosi Romano Ramos;Rosi;PF;5551999786282;1;Zen Q15 L17;;rosi.r.romano@gmail.com;
B;Zen;Samuel de Souza Maciel;Samuel;PF;5548988487112;1;Zen Q15 L04;;samuelsmaciel@gmail.com;
C;Zen;Sandro Silva;Sandro;PF;5551981489590;1;Zen Q10 L20;;sandro@elevsul.com.br;
C;Zen;Sergio de Bortori Galera;Sergio;PF;5551999140357;1;Zen Q15 L11;;sdbgalera@gmail.com;
D;Zen;Sergio Moacir Ferreira da Silva;Sergio;PF;5551991456098;1;Zen Q13 L16;;financeiro@ciadosabor.net;
A;Zen;Sidnei Pedrotti;Sidnei;PF;5551996039874;1;Zen Q11 L01;;pedrotti.concretize@gmail.com;
C;Zen;Silvana Maiato Souza Richter;Silvana;PF;5551995162538;1;Zen Q14 L02;;francisrichter1978@gmail.com;
A;Zen;Strandhaus Construtora e Incorporadora;;PJ;5551999628182;1;Zen Q12 L02;;islutz@gmail.com;
C;Zen;Suzana Azambuja Hahn;Suzana;PF;5551993314083;1;Zen Q16 L18;;jpamenegociosimobiliarios@gmail.com;
D;Zen;Tais Lorencet Refosco Puhl;Tais;PF;5554991543822;1;Zen Q05 L05;;tzis@oraluniccaxias.com.br;
D;Zen;Tatiana Aguiar de Aguiar Vaz;Tatiana;PF;5551991379833;1;Zen Q17 L04;;aguiar_vaz@yahoo.com.br;
C;Zen;Thiago Ferreira Rysdyk;Thiago;PF;5551981830010;4;Zen Q04 L13, Zen Q04 L15, Zen Q07 L11, Zen Q07 L12;;thiago@mercantilmetais.com.br;
D;Zen;Thiago Henrique Murlick;Thiago;PF;5551980239373;1;Zen Q03 L12;;thiago.murlick@gmail.com.br;
C;Zen;Tiago Scussel Franciosi;Tiago;PF;5551999115151;1;Zen Q07 L15;;thiaguinhosf22@gmail.com;
B;Zen;Tomaz Moritz Travi;Tomaz;PF;5551984086161;1;Zen Q15 L06;;travitomaz@gmail.com;
D;Zen;Valdeu Francisco Sartori;Valdeu;PF;5551999940202;1;Zen Q17 L20;;nutakbra@hotmail.com;
C;Zen;Vibe Construtora LTDA;;PJ;5551999926318;1;Zen Q02 L02;;construtotavibe@gmail.com;
C;Zen;Vilson Teixeira Christovao;Vilson;PF;5551999747020;1;Zen Q16 L14;;construtora.teixeira@yahoo.com.br;
C;Zen;Vinicius da Silva Santos;Vinicius;PF;5551991980130;1;Zen Q10 L05;;vinicius28santos@gmail.com;
D;Zen;Vito Dalfin;Vito;PF;5551991078348;1;Zen Q09 L02;;pcsantoandre@gmail.com;
B;Zen;Vitor Hugor Busetti;Vitor;PF;5554991212571;1;Zen Q19 L05;;vitorconstrufar@terra.com.br;
A;Zen;Wagner Denck Souza;Wagner;PF;5551999232209;1;Zen Q15 L13;;wagner@erosmetais.com;
B;Zen;Wellington Webster;Wellington;PF;5551981820065;1;Zen Q15 L20;;wellington@wwea.com.br;
A;Zen;William Fernando Frasson;William;PF;5551982270054;1;Zen Q03 L11;;wfrasson@gmail.com;
B;Zen + Lótus Atlântida;Andreia Maria Martins Wintner;Andreia;PF;5551993154168;3;Zen Q04 L02, Zen Q04 L03, Lótus Atlântida 07 K;Andreia Maria Martins Winter;andreia@andreiawinter.com.br;